{
  "total_cases": 46434,
  "new_cases": 3656,
  "total_tests": 902654,
  "tests_per_million": 668.63,
  "positive%": 5.14,
  "positive%_new": 5.05,
  "double_rate": 15.19,
  "tests_list": [
    13125,
    13316,
    14376,
    15701,
    16999,
    18383,
    20864,
    22928,
    25308,
    27688,
    31273,
    34857,
    38442,
    42788,
    47951,
    55851,
    56680,
    79950,
    89534,
    101068,
    114015,
    127919,
    144910,
    161330,
    179374,
    195748,
    217554,
    244893,
    274599,
    302956,
    335123,
    372123,
    401586,
    432104,
    462621,
    481582,
    500542,
    541789,
    579957,
    625309,
    665819,
    716733,
    770764,
    830201,
    902654
  ],
  "new_tests_list": [
    191,
    1060,
    1325,
    1298,
    1384,
    2481,
    2064,
    2380,
    2380,
    3585,
    3584,
    3585,
    4346,
    5163,
    7900,
    829,
    23270,
    9584,
    11534,
    12947,
    13904,
    16991,
    16420,
    18044,
    16374,
    21806,
    27339,
    29706,
    28357,
    32167,
    37000,
    29463,
    30518,
    30517,
    18961,
    18960,
    41247,
    38168,
    45352,
    40510,
    50914,
    54031,
    59437,
    72453
  ],
  "double_rate_list": [
    1.2727272727272727,
    15.0,
    31.0,
    11.333333333333334,
    7.8,
    5.333333333333333,
    4.2,
    8.875,
    8.1,
    9.1,
    9.272727272727273,
    11.2,
    9.0,
    7.3,
    6.84,
    7.333333333333333,
    4.413793103448276,
    4.282051282051282,
    5.840579710144928,
    5.287234042553192,
    7.716216216216216,
    7.6395348837209305,
    10.0,
    5.771241830065359,
    7.492647058823529,
    9.491666666666667,
    7.090909090909091,
    5.29126213592233,
    4.856132075471698,
    5.2366255144032925,
    5.544642857142857,
    6.362694300518135,
    7.0492610837438425,
    9.869834710743802,
    9.336823734729494,
    10.469026548672566,
    8.275522755227552,
    8.724454649827784,
    9.898126463700235,
    12.151715039577837,
    8.410297666934834,
    11.139670223084384,
    13.9627539503386,
    12.659754948162112,
    15.568329718004339,
    11.469730123997083,
    10.95253164556962,
    14.966908797417272,
    13.065061808718282,
    16.542569659442723,
    13.82123575284943,
    17.363636363636363,
    14.323160762942779,
    17.355320472930927,
    18.786989795918366,
    16.487907465825447,
    19.392961876832846,
    19.359244863964463,
    15.551752921535893,
    15.532761310452418,
    14.49119241192412,
    12.700765864332604
  ]
}